{"cameraMode":{"drawMode":0,"name":"Shaded","section":"Shading Mode"},"sceneLighting":false,"audioPlay":false,"sceneViewState":{"showFog":true,"showMaterialUpdate":false,"showSkybox":true,"showFlares":true,"showImageEffects":true,"showParticleSystems":true},"in2DMode":false,"pivot":{"x":0.03627903759479523,"y":0.4530414342880249,"z":-0.1380673050880432},"rotation":{"x":0.00239114323630929,"y":0.9896803498268127,"z":-0.14230464398860932,"w":0.016629289835691453},"size":0.6845749616622925,"orthographic":false}